city,value
Palermo,0.00022538428019773713
Torino,0.00077477922
Parigi,0.00020456824
Toronto,0.00013298042