city,value
Palermo,0.9365196570762203
Torino,5.20737327189
Parigi,4.32637571157 
Toronto,0.65873015873 